{
  "Ansi 0 Color" : {
    "Green Component" : 0.12343578040599823,
    "Blue Component" : 0.12343787401914597,
    "Red Component" : 0.1234394758939743
  },
  "Ansi 15 Color (Dark)" : {
    "Red Component" : 0.99999994039535522,
    "Color Space" : "P3",
    "Blue Component" : 1,
    "Alpha Component" : 1,
    "Green Component" : 1
  },
  "Foreground Color (Dark)" : {
    "Red Component" : 0.90691608190536499,
    "Color Space" : "P3",
    "Blue Component" : 0.95042175054550171,
    "Alpha Component" : 1,
    "Green Component" : 0.92851656675338745
  },
  "Cursor Text Color" : {
    "Green Component" : 0.062745101749897003,
    "Blue Component" : 0.062745101749897003,
    "Red Component" : 0.062745101749897003
  },
  "Smart Cursor Color" : false,
  "Prompt Before Closing 2" : false,
  "Ansi 3 Color (Dark)" : {
    "Red Component" : 0.78974872827529907,
    "Color Space" : "P3",
    "Blue Component" : 0.24430054426193237,
    "Alpha Component" : 1,
    "Green Component" : 0.60919076204299927
  },
  "Ansi 12 Color (Dark)" : {
    "Red Component" : 0.53794574737548828,
    "Color Space" : "P3",
    "Blue Component" : 0.97858124971389771,
    "Alpha Component" : 1,
    "Green Component" : 0.74576449394226074
  },
  "Initial Use Transparency" : true,
  "Mouse Reporting" : true,
  "Use Underline Color (Light)" : false,
  "Disable Window Resizing" : true,
  "BM Growl" : true,
  "Background Color (Dark)" : {
    "Red Component" : 0.0060110045596957207,
    "Color Space" : "P3",
    "Blue Component" : 0.033339347690343857,
    "Alpha Component" : 1,
    "Green Component" : 0.015295098535716534
  },
  "Guid" : "E526CA8A-2BB8-4332-9431-066D1045BA1A",
  "Cursor Color (Dark)" : {
    "Red Component" : 0.18431372940540314,
    "Color Space" : "P3",
    "Blue Component" : 0.9686274528503418,
    "Alpha Component" : 1,
    "Green Component" : 0.5058823823928833
  },
  "Selection Color (Dark)" : {
    "Red Component" : 0.18915736675262451,
    "Color Space" : "P3",
    "Blue Component" : 0.45776498317718506,
    "Alpha Component" : 1,
    "Green Component" : 0.30597418546676636
  },
  "Scrollback Lines" : 0,
  "Badge Color (Dark)" : {
    "Red Component" : 0.91564536094665527,
    "Color Space" : "P3",
    "Blue Component" : 0.44781291484832764,
    "Alpha Component" : 0.5,
    "Green Component" : 0.5344090461730957
  },
  "Faint Text Alpha" : 0.50696031102594341,
  "Ansi 0 Color (Dark)" : {
    "Red Component" : 0.287454754114151,
    "Color Space" : "P3",
    "Blue Component" : 0.34172338247299194,
    "Alpha Component" : 1,
    "Green Component" : 0.30893740057945251
  },
  "Transparency" : 0,
  "Tab Color (Dark)" : {
    "Red Component" : 0.0060110045596957207,
    "Color Space" : "P3",
    "Blue Component" : 0.033339347690343857,
    "Alpha Component" : 1,
    "Green Component" : 0.015295098535716534
  },
  "Use Bright Bold" : true,
  "Horizontal Spacing" : 1,
  "Ansi 13 Color (Light)" : {
    "Red Component" : 0.79748910665512085,
    "Color Space" : "P3",
    "Blue Component" : 0.97764402627944946,
    "Alpha Component" : 1,
    "Green Component" : 0.66515737771987915
  },
  "Blur" : false,
  "Ansi 13 Color" : {
    "Green Component" : 0.3135044276714325,
    "Blue Component" : 0.72698760032653809,
    "Red Component" : 0.32478702068328857
  },
  "Ansi 2 Color (Dark)" : {
    "Red Component" : 0.39155018329620361,
    "Color Space" : "P3",
    "Blue Component" : 0.36397624015808105,
    "Alpha Component" : 1,
    "Green Component" : 0.71571308374404907
  },
  "Cursor Color" : {
    "Green Component" : 0.72549021244049072,
    "Blue Component" : 0.72549021244049072,
    "Red Component" : 0.72549021244049072
  },
  "Unicode Version" : 9,
  "Use Cursor Guide (Light)" : false,
  "Option Key Sends" : 2,
  "Idle Code" : 0,
  "Ansi 13 Color (Dark)" : {
    "Red Component" : 0.79748910665512085,
    "Color Space" : "P3",
    "Blue Component" : 0.97764402627944946,
    "Alpha Component" : 1,
    "Green Component" : 0.66515737771987915
  },
  "Send Code When Idle" : false,
  "Selection Color" : {
    "Green Component" : 0.12343578040599823,
    "Blue Component" : 0.12343787401914597,
    "Red Component" : 0.1234394758939743
  },
  "Non-ASCII Ligatures" : false,
  "Terminal Type" : "xterm-256color",
  "Cursor Boost (Dark)" : 0,
  "Right Option Key Sends" : 0,
  "Background Color" : {
    "Green Component" : 0.076217696070671082,
    "Blue Component" : 0.076218985021114349,
    "Red Component" : 0.07621997594833374
  },
  "Ansi 10 Color (Dark)" : {
    "Red Component" : 0.47565758228302002,
    "Color Space" : "P3",
    "Blue Component" : 0.44268521666526794,
    "Alpha Component" : 1,
    "Green Component" : 0.81689852476119995
  },
  "Ansi 10 Color" : {
    "Green Component" : 0.82695949077606201,
    "Blue Component" : 0.379891037940979,
    "Red Component" : 0.11459558457136154
  },
  "Vertical Spacing" : 1,
  "Use Tab Color (Light)" : false,
  "Columns" : 100,
  "Ansi 2 Color (Light)" : {
    "Red Component" : 0.39155018329620361,
    "Color Space" : "P3",
    "Blue Component" : 0.36397624015808105,
    "Alpha Component" : 1,
    "Green Component" : 0.71571308374404907
  },
  "Screen" : -1,
  "Cursor Text Color (Dark)" : {
    "Red Component" : 0.0039215688593685627,
    "Color Space" : "P3",
    "Blue Component" : 0.031372550874948502,
    "Alpha Component" : 1,
    "Green Component" : 0.011764706112444401
  },
  "Description" : "Default",
  "Unlimited Scrollback" : true,
  "Use Italic Font" : true,
  "Working Directory" : "\/Users\/nathanielvarona",
  "Selected Text Color (Dark)" : {
    "Red Component" : 0.90691608190536499,
    "Color Space" : "P3",
    "Blue Component" : 0.95042175054550171,
    "Alpha Component" : 1,
    "Green Component" : 0.92851656675338745
  },
  "Use Cursor Guide (Dark)" : false,
  "Visual Bell" : true,
  "Link Color (Light)" : {
    "Red Component" : 0.42089003324508667,
    "Color Space" : "P3",
    "Blue Component" : 0.97306424379348755,
    "Alpha Component" : 1,
    "Green Component" : 0.64364743232727051
  },
  "Ansi 1 Color (Dark)" : {
    "Red Component" : 0.93458694219589233,
    "Color Space" : "P3",
    "Blue Component" : 0.4668460488319397,
    "Alpha Component" : 1,
    "Green Component" : 0.51136314868927002
  },
  "Default Bookmark" : "No",
  "Ansi 14 Color (Light)" : {
    "Red Component" : 0.47709006071090698,
    "Color Space" : "P3",
    "Blue Component" : 0.85841566324234009,
    "Alpha Component" : 1,
    "Green Component" : 0.82074826955795288
  },
  "Ansi 7 Color (Light)" : {
    "Red Component" : 0.70055490732192993,
    "Color Space" : "P3",
    "Blue Component" : 0.76467734575271606,
    "Alpha Component" : 1,
    "Green Component" : 0.72827416658401489
  },
  "Ansi 3 Color (Light)" : {
    "Red Component" : 0.78974872827529907,
    "Color Space" : "P3",
    "Blue Component" : 0.24430054426193237,
    "Alpha Component" : 1,
    "Green Component" : 0.60919076204299927
  },
  "Ansi 9 Color (Dark)" : {
    "Red Component" : 0.94797748327255249,
    "Color Space" : "P3",
    "Blue Component" : 0.60867929458618164,
    "Alpha Component" : 1,
    "Green Component" : 0.64823848009109497
  },
  "Badge Color (Light)" : {
    "Red Component" : 0.91564536094665527,
    "Color Space" : "P3",
    "Blue Component" : 0.44781291484832764,
    "Alpha Component" : 0.5,
    "Green Component" : 0.5344090461730957
  },
  "Ansi 14 Color (Dark)" : {
    "Red Component" : 0.47709006071090698,
    "Color Space" : "P3",
    "Blue Component" : 0.85841566324234009,
    "Alpha Component" : 1,
    "Green Component" : 0.82074826955795288
  },
  "Tags" : [

  ],
  "Link Color (Dark)" : {
    "Red Component" : 0.42089003324508667,
    "Color Space" : "P3",
    "Blue Component" : 0.97306424379348755,
    "Alpha Component" : 1,
    "Green Component" : 0.64364743232727051
  },
  "Custom Command" : "No",
  "Jobs to Ignore" : [
    "rlogin",
    "ssh",
    "slogin",
    "telnet"
  ],
  "Use Non-ASCII Font" : false,
  "Custom Directory" : "No",