{
  "Close Sessions On End" : true,
  "Ansi 15 Color (Dark)" : {
    "Green Component" : 1,
    "Blue Component" : 1,
    "Red Component" : 1
  },
  "Ansi 0 Color" : {
    "Green Component" : 0.12343578040599823,
    "Red Component" : 0.1234394758939743,
    "Blue Component" : 0.12343787401914597
  },
  "Cursor Text Color" : {
    "Green Component" : 0.062745101749897003,
    "Red Component" : 0.062745101749897003,
    "Blue Component" : 0.062745101749897003
  },
  "Smart Cursor Color" : false,
  "Prompt Before Closing 2" : false,
  "Ansi 3 Color (Dark)" : {
    "Green Component" : 0.72761225700378418,
    "Blue Component" : 0.060177117586135864,
    "Red Component" : 0.92706489562988281
  },
  "Ansi 12 Color (Dark)" : {
    "Green Component" : 0.50448882579803467,
    "Blue Component" : 0.838664710521698,
    "Red Component" : 0.061654355376958847
  },
  "Initial Use Transparency" : true,
  "Mouse Reporting" : true,
  "Use Underline Color (Light)" : false,
  "Disable Window Resizing" : true,
  "BM Growl" : true,
  "Background Color (Dark)" : {
    "Green Component" : 0.076217696070671082,
    "Blue Component" : 0.076218985021114349,
    "Red Component" : 0.07621997594833374
  },
  "Guid" : "E526CA8A-2BB8-4332-9431-066D1045BA1A",
  "Cursor Color (Dark)" : {
    "Green Component" : 0.72549021244049072,
    "Blue Component" : 0.72549021244049072,
    "Red Component" : 0.72549021244049072
  },
  "Selection Color (Dark)" : {
    "Red Component" : 0.37055689096450806,
    "Color Space" : "P3",
    "Blue Component" : 0.37055987119674683,
    "Alpha Component" : 1,
    "Green Component" : 0.37056440114974976
  },
  "Scrollback Lines" : 0,
  "Badge Color (Dark)" : {
    "Red Component" : 0.92929404973983765,
    "Color Space" : "P3",
    "Blue Component" : 0.13960540294647217,
    "Alpha Component" : 0.5,
    "Green Component" : 0.25479039549827576
  },
  "Faint Text Alpha" : 0.50696031102594341,
  "Ansi 0 Color (Dark)" : {
    "Green Component" : 0.12343578040599823,
    "Blue Component" : 0.12343787401914597,
    "Red Component" : 0.1234394758939743
  },
  "Transparency" : 0,
  "Use Bright Bold" : true,
  "Horizontal Spacing" : 1,
  "Ansi 13 Color (Light)" : {
    "Green Component" : 0.3135044276714325,
    "Blue Component" : 0.72698760032653809,
    "Red Component" : 0.32478702068328857
  },
  "Blur" : false,
  "Ansi 13 Color" : {
    "Green Component" : 0.3135044276714325,
    "Red Component" : 0.32478702068328857,
    "Blue Component" : 0.72698760032653809
  },
  "Ansi 2 Color (Dark)" : {
    "Green Component" : 0.77383565902709961,
    "Blue Component" : 0.36823004484176636,
    "Red Component" : 0.17600196599960327
  },
  "Cursor Color" : {
    "Green Component" : 0.72549021244049072,
    "Red Component" : 0.72549021244049072,
    "Blue Component" : 0.72549021244049072
  },
  "Use Cursor Guide (Light)" : false,
  "Option Key Sends" : 0,
  "Idle Code" : 0,
  "Ansi 13 Color (Dark)" : {
    "Green Component" : 0.3135044276714325,
    "Blue Component" : 0.72698760032653809,
    "Red Component" : 0.32478702068328857
  },
  "Send Code When Idle" : false,
  "Selection Color" : {
    "Green Component" : 0.12343578040599823,
    "Red Component" : 0.1234394758939743,
    "Blue Component" : 0.12343787401914597
  },
  "Terminal Type" : "xterm-256color",
  "Cursor Boost (Dark)" : 0,
  "Right Option Key Sends" : 0,
  "Background Color" : {
    "Green Component" : 0.076217696070671082,
    "Red Component" : 0.07621997594833374,
    "Blue Component" : 0.076218985021114349
  },
  "Ansi 10 Color (Dark)" : {
    "Green Component" : 0.82695949077606201,
    "Blue Component" : 0.379891037940979,
    "Red Component" : 0.11459558457136154
  },
  "Ansi 10 Color" : {
    "Green Component" : 0.82695949077606201,
    "Red Component" : 0.11459558457136154,
    "Blue Component" : 0.379891037940979
  },
  "Vertical Spacing" : 1,
  "Use Tab Color (Light)" : false,
  "Columns" : 100,
  "Ansi 2 Color (Light)" : {
    "Green Component" : 0.77383565902709961,
    "Blue Component" : 0.36823004484176636,
    "Red Component" : 0.17600196599960327
  },
  "Screen" : -1,
  "Cursor Text Color (Dark)" : {
    "Green Component" : 0.062745101749897003,
    "Blue Component" : 0.062745101749897003,
    "Red Component" : 0.062745101749897003
  },
  "Description" : "Default",
  "Unlimited Scrollback" : true,
  "Use Italic Font" : true,
  "Working Directory" : "\/Users\/nathanielvarona",
  "Selected Text Color (Dark)" : {
    "Green Component" : 0.8579363226890564,
    "Blue Component" : 0.89713811874389648,
    "Red Component" : 0.84028750658035278
  },
  "Use Cursor Guide (Dark)" : false,
  "Visual Bell" : true,
  "Link Color (Light)" : {
    "Red Component" : 0.1451396644115448,
    "Color Space" : "P3",
    "Blue Component" : 0.70932406187057495,
    "Alpha Component" : 1,
    "Green Component" : 0.35333043336868286
  },
  "Ansi 1 Color (Dark)" : {
    "Green Component" : 0.067135065793991089,
    "Blue Component" : 0.095619738101959229,
    "Red Component" : 0.97170770168304443
  },
  "Default Bookmark" : "No",
  "Ansi 14 Color (Light)" : {
    "Green Component" : 0.4900696873664856,
    "Blue Component" : 0.85764402151107788,
    "Red Component" : 0.059441849589347839
  },
  "Ansi 7 Color (Light)" : {
    "Green Component" : 0.8579363226890564,
    "Blue Component" : 0.89713811874389648,
    "Red Component" : 0.84028750658035278
  },
  "Ansi 3 Color (Light)" : {
    "Green Component" : 0.72761225700378418,
    "Blue Component" : 0.060177117586135864,
    "Red Component" : 0.92706489562988281
  },
  "Ansi 9 Color (Dark)" : {
    "Green Component" : 0.20686990022659302,
    "Blue Component" : 0.1818375289440155,
    "Red Component" : 0.87161564826965332
  },
  "Badge Color (Light)" : {
    "Red Component" : 0.92929404973983765,
    "Color Space" : "P3",
    "Blue Component" : 0.13960540294647217,
    "Alpha Component" : 0.5,
    "Green Component" : 0.25479039549827576
  },
  "Ansi 14 Color (Dark)" : {
    "Green Component" : 0.4900696873664856,
    "Blue Component" : 0.85764402151107788,
    "Red Component" : 0.059441849589347839
  },
  "Tags" : [

  ],
  "Link Color (Dark)" : {
    "Red Component" : 0.1451396644115448,
    "Color Space" : "P3",
    "Blue Component" : 0.70932406187057495,
    "Alpha Component" : 1,
    "Green Component" : 0.35333043336868286
  },
  "Custom Command" : "No",
  "Jobs to Ignore" : [
    "rlogin",
    "ssh",
    "slogin",
    "telnet"
  ],
  "Use Non-ASCII Font" : true,
  "Custom Directory" : "No",
  "Use Selected Text Color (Light)" : true,
  "Bold Color (Light)" : {
    "Green Component" : 0.8579363226890564,
    "Blue Component" : 0.89713811874389648,
    "Red Component" : 0.84028750658035278
  },
  "Brighten Bold Text (Dark)" : true,
  "Ansi 8 Color (Light)" : {
    "Green Component" : 0.8579363226890564,
    "Blue Component" : 0.89713811874389648,
    "Red Component" : 0.84028750658035278
  },
  "Name" : "Default",
  "Ansi 11 Color (Dark)" : {
    "Green Component" : 0.74144089221954346,
    "Blue Component" : 0.035377603024244308,
    "Red Component" : 0.95126962661743164
  },
  "Ansi 14 Color" : {
    "Green Component" : 0.4900696873664856,
    "Red Component" : 0.059441849589347839,
    "Blue Component" : 0.85764402151107788
  },
  "Set Local Environment Vars" : 2,
  "Faint Text Alpha (Dark)" : 0.50860998765477594,
  "Blur Radius" : 2,
  "Rows" : 30,
  "Background Color (Light)" : {
    "Green Component" : 0.076217696070671082,
    "Blue Component" : 0.076218985021114349,
    "Red Component" : 0.07621997594833374
  },
  "Cursor Guide Color (Light)" : {
    "Red Component" : 0.7486259937286377,
    "Color Space" : "P3",
    "Blue Component" : 0.99125725030899048,
    "Alpha Component" : 0.25,
    "Green Component" : 0.92047786712646484
  },
  "Use Selected Text Color" : true,
  "Ansi 6 Color (Dark)" : {
    "Green Component" : 0.50448882579803467,
    "Blue Component" : 0.838664710521698,
    "Red Component" : 0.061654355376958847
  },